KdV;Boussinesq
0.711347;0.6830741
1.2119228;1.0340849
1.4811828;1.1682808
