KdV;Boussinesq
0.7113469839096069;0.6830741167068481
1.2119227647781372;1.0340849161148071
1.4811828136444092;1.168280839920044
